epoch,accuracy
1,0.5074000000000001
2,0.512
3,0.5072
4,0.5028
5,0.5087999999999999
6,0.5028
7,0.5014000000000001
8,0.5042
9,0.506
10,0.515
11,0.5142
12,0.5022
13,0.51
14,0.5067999999999999
15,0.5065999999999999
16,0.5065999999999999
17,0.5334
18,0.5352
19,0.5554
20,0.5554
21,0.5554
22,0.5554
23,0.5554
24,0.5554
25,0.5554
26,0.5554
27,0.5554
28,0.5364
29,0.5554
30,0.5554
31,0.5554
32,0.5554
33,0.5554
34,0.5554
35,0.5554
36,0.5554
37,0.5362
38,0.5554
39,0.5554
40,0.5362
41,0.5554
42,0.5554
43,0.5554
44,0.5554
45,0.5554
46,0.5362
47,0.5554
48,0.5554
49,0.5554
50,0.5554
51,0.5554
52,0.5554
53,0.5362
54,0.5554
55,0.5554
56,0.5554
57,0.5554
58,0.5554
59,0.5554
60,0.5554
61,0.5554
62,0.5554
63,0.5364
64,0.5554
65,0.5554
66,0.5554
67,0.5554
68,0.5554
69,0.5554
70,0.5554
71,0.5554
72,0.5554
73,0.5554
74,0.5554
75,0.5554
76,0.5554
77,0.5554
78,0.5554
79,0.5554
80,0.5554
81,0.5554
82,0.5554
83,0.5554
84,0.5554
85,0.5554
86,0.5364
87,0.5554
88,0.5554
89,0.5554
90,0.5554
91,0.5554
92,0.5554
93,0.5554
94,0.5554
95,0.5554
96,0.5554
97,0.5554
98,0.5554
99,0.5554
100,0.5554
101,0.5554
102,0.5554
103,0.5554
104,0.5554
105,0.5554
106,0.5554
107,0.5554
108,0.5554
109,0.5554
110,0.5554
111,0.5554
112,0.5554
113,0.5554
114,0.5554
115,0.5554
116,0.5554
117,0.5554
118,0.5554
119,0.5362
120,0.5554
121,0.5554
122,0.5362
123,0.5554
124,0.5554
125,0.5554
126,0.5554
127,0.5554
128,0.5554
129,0.5554
130,0.5362
131,0.5554
132,0.5554
133,0.5554
134,0.5554
135,0.5554
136,0.5554
137,0.5554
138,0.5554
139,0.5554
140,0.5554
141,0.5554
142,0.5554
143,0.5554
144,0.5554
145,0.5554
146,0.5554
147,0.5554
148,0.5554
149,0.5554
150,0.5554
151,0.5364
152,0.5364
153,0.5554
154,0.5554
155,0.5554
156,0.5554
157,0.5554
158,0.5554
159,0.5554
160,0.5554
161,0.5554
162,0.5554
163,0.5554
164,0.5554
165,0.5554
166,0.5554
167,0.5554
168,0.5554
169,0.5554
170,0.5554
171,0.5554
172,0.5364
173,0.5554
174,0.5554
175,0.5554
176,0.5554
177,0.5554
178,0.5554
179,0.5554
180,0.5554
181,0.5364
182,0.5554
183,0.5364
184,0.5554
185,0.5554
186,0.5554
187,0.5554
188,0.5554
189,0.5364
190,0.5554
191,0.5554
192,0.5554
193,0.5554
194,0.5554
195,0.5364
196,0.5554
197,0.5554
198,0.5554
199,0.5364
200,0.5554
201,0.5554
202,0.5554
203,0.5554
204,0.5554
205,0.5554
206,0.5554
207,0.5554
208,0.5554
209,0.5554
210,0.5364
211,0.5554
212,0.5554
213,0.5554
214,0.5554
215,0.5554
216,0.5554
217,0.5554
218,0.5554
219,0.5554
220,0.5554
221,0.5554
222,0.5554
223,0.5554
224,0.5554
225,0.5554
226,0.5554
227,0.5554
228,0.5554
229,0.5554
230,0.5362
231,0.5362
232,0.5362
233,0.5554
234,0.5554
235,0.5362
236,0.5554
237,0.5362
238,0.5362
239,0.5554
240,0.5554
241,0.5554
242,0.5554
243,0.5554
244,0.5554
245,0.5554
246,0.5554
247,0.5554
248,0.5554
249,0.5362
250,0.5554
251,0.5554
252,0.5554
253,0.5554
254,0.5554
255,0.5554
256,0.5554
257,0.5554
258,0.5554
259,0.5554
260,0.5554
261,0.5554
262,0.5554
263,0.5364
264,0.5554
265,0.5554
266,0.5554
267,0.5554
268,0.5554
269,0.5554
270,0.5554
271,0.5554
272,0.5554
273,0.5554
274,0.5554
275,0.5554
276,0.5554
277,0.5554
278,0.5554
279,0.5554
280,0.5554
281,0.5554
282,0.5364
283,0.5554
284,0.5554
285,0.5554
286,0.5554
287,0.5554
288,0.5554
289,0.5554
290,0.5554
291,0.5554
292,0.5554
293,0.5554
294,0.5554
295,0.5554
296,0.5554
297,0.5554
298,0.5554
299,0.5554
300,0.5554
301,0.5554
302,0.5554
303,0.5554
304,0.5554
305,0.5554
306,0.5554
307,0.5554
308,0.5554
309,0.5554
310,0.5554
311,0.5554
312,0.5554
313,0.5554
314,0.5554
315,0.5554
316,0.5554
317,0.5554
318,0.5364
319,0.5554
320,0.5554
321,0.5554
322,0.5554
323,0.5554
324,0.5554
325,0.5554
326,0.5554
327,0.5364
328,0.5554
329,0.5554
330,0.5554
331,0.5554
332,0.5554
333,0.5554
334,0.5554
335,0.5554
336,0.5554
337,0.5554
338,0.5554
339,0.5554
340,0.5554
341,0.5554
342,0.5554
343,0.5554
344,0.5554
345,0.5554
346,0.5554
347,0.5554
348,0.5362
349,0.5554
350,0.5554
351,0.5554
352,0.5554
353,0.5554
354,0.5554
355,0.5554
356,0.5554
357,0.5554
358,0.5554
359,0.5554
360,0.5554
361,0.5554
362,0.5554
363,0.5554
364,0.5362
365,0.5554
366,0.5554
367,0.5554
368,0.5554
369,0.5554
370,0.5554
371,0.5554
372,0.5554
373,0.5554
374,0.5554
375,0.5554
376,0.5554
377,0.5362
378,0.5554
379,0.5554
380,0.5554
381,0.5554
382,0.5554
383,0.5554
384,0.5554
385,0.5554
386,0.5554
387,0.5364
388,0.5554
389,0.5554
390,0.5554
391,0.5554
392,0.5554
393,0.5554
394,0.5554
395,0.5554
396,0.5554
397,0.5554
398,0.5554
399,0.5554
400,0.5554
401,0.5554
402,0.5554
403,0.5554
404,0.5554
405,0.5554
406,0.5554
407,0.5364
408,0.5554
409,0.5364
410,0.5364
411,0.5554
412,0.5554
413,0.5554
414,0.5554
415,0.5554
416,0.5554
417,0.5554
418,0.5554
419,0.5554
420,0.5554
421,0.5554
422,0.5554
423,0.5554
424,0.5554
425,0.5554
426,0.5554
427,0.5554
428,0.5554
429,0.5554
430,0.5364
431,0.5554
432,0.5554
433,0.5554
434,0.5554
435,0.5554
436,0.5554
437,0.5554
438,0.5362
439,0.5554
440,0.5554
441,0.5554
442,0.5554
443,0.5554
444,0.5554
445,0.5554
446,0.5554
447,0.5364
448,0.5554
449,0.5554
450,0.5554
451,0.5554
452,0.5364
453,0.5554
454,0.5364
455,0.5554
456,0.5554
457,0.5362
458,0.5554
459,0.5554
460,0.5554
461,0.5554
462,0.5554
463,0.5554
464,0.5554
465,0.5554
466,0.5554
467,0.5364
468,0.5554
469,0.5554
470,0.5554
471,0.5554
472,0.5554
473,0.5554
474,0.5554
475,0.5364
476,0.5554
477,0.5554
478,0.5554
479,0.5554
480,0.5554
481,0.5554
482,0.5554
483,0.5554
484,0.5554
485,0.5554
486,0.5554
487,0.5554
488,0.5554
489,0.5554
490,0.5554
491,0.5554
492,0.5554
493,0.5554
494,0.5554
495,0.5554
496,0.5554
497,0.5554
498,0.5554
499,0.5554
500,0.5554
